{
  "run": "2026-05-02T23:27:43.213369",
  "config": {
    "filter_min": 20.0,
    "filter_max": 50.0,
    "stop_loss_pct": -5.0,
    "position_eur": 1000,
    "spread_pct": 0.003
  },
  "hold_periods": {
    "1": {
      "n": 2,
      "hit_rate": 0.0,
      "avg_pct": -0.6830133347355803,
      "total_eur": -13.660266694711607,
      "max_dd": 13.660266694711607,
      "sl_hits": 0,
      "avg_win": 0,
      "avg_los": -0.6830133347355803
    },
    "2": {
      "n": 10,
      "hit_rate": 20.0,
      "avg_pct": -0.3225291738371623,
      "total_eur": -32.25291738371622,
      "max_dd": 33.976916461387304,
      "sl_hits": 0,
      "avg_win": 0.8151957017910365,
      "avg_los": -0.606960392744212
    },
    "3": {
      "n": 10,
      "hit_rate": 20.0,
      "avg_pct": -0.27582534639801803,
      "total_eur": -27.582534639801803,
      "max_dd": 42.28528723855495,
      "sl_hits": 0,
      "avg_win": 1.4641333778451395,
      "avg_los": -0.7108150274588074
    },
    "5": {
      "n": 10,
      "hit_rate": 80.0,
      "avg_pct": 12.907711131017384,
      "total_eur": 1290.7711131017384,
      "max_dd": 50.0,
      "sl_hits": 1,
      "avg_win": 16.84277878729478,
      "avg_los": -2.8325594940921954
    },
    "7": {
      "n": 10,
      "hit_rate": 80.0,
      "avg_pct": 13.110519210412898,
      "total_eur": 1311.0519210412897,
      "max_dd": 50.0,
      "sl_hits": 1,
      "avg_win": 17.41616116146012,
      "avg_los": -4.112048593776001
    },
    "10": {
      "n": 10,
      "hit_rate": 80.0,
      "avg_pct": 13.906827389241252,
      "total_eur": 1390.6827389241253,
      "max_dd": 50.0,
      "sl_hits": 1,
      "avg_win": 18.31807721375243,
      "avg_los": -3.7381719088034644
    },
    "15": {
      "n": 10,
      "hit_rate": 80.0,
      "avg_pct": 13.861883802107323,
      "total_eur": 1386.1883802107322,
      "max_dd": 50.0,
      "sl_hits": 1,
      "avg_win": 18.301362491026566,
      "avg_los": -3.896030953569648
    },
    "20": {
      "n": 10,
      "hit_rate": 80.0,
      "avg_pct": 11.827385592201493,
      "total_eur": 1182.7385592201492,
      "max_dd": 50.0,
      "sl_hits": 1,
      "avg_win": 15.776933562892907,
      "avg_los": -3.970806290564159
    },
    "30": {
      "n": 10,
      "hit_rate": 80.0,
      "avg_pct": 11.97695536950977,
      "total_eur": 1197.695536950977,
      "max_dd": 50.0,
      "sl_hits": 1,
      "avg_win": 15.671025714633094,
      "avg_los": -2.799326010983524
    },
    "60": {
      "n": 10,
      "hit_rate": 80.0,
      "avg_pct": 13.768046238618862,
      "total_eur": 1376.804623861886,
      "max_dd": 50.0,
      "sl_hits": 1,
      "avg_win": 17.963893711071048,
      "avg_los": -3.0153436511898826
    },
    "120": {
      "n": 10,
      "hit_rate": 80.0,
      "avg_pct": 13.59710706416017,
      "total_eur": 1359.710706416017,
      "max_dd": 50.0,
      "sl_hits": 1,
      "avg_win": 17.8885057348299,
      "avg_los": -3.568487618518742
    },
    "EOD": {
      "n": 26,
      "hit_rate": 57.692307692307686,
      "avg_pct": 6.734574254550382,
      "total_eur": 1750.9893061830994,
      "max_dd": 250.0,
      "sl_hits": 10,
      "avg_win": 15.01074019281709,
      "avg_los": -4.551106570358766
    }
  },
  "trades_analyzed": 26
}