{
  "run": "2026-05-02T22:54:52.430378",
  "config": {
    "filter_min": 20.0,
    "filter_max": 50.0,
    "stop_loss_pct": -5.0,
    "position_eur": 1000,
    "spread_pct": 0.003
  },
  "hold_periods": {
    "1": {
      "n": 1,
      "hit_rate": 0.0,
      "avg_pct": -1.0664759954821448,
      "total_eur": -10.664759954821447,
      "max_dd": 10.664759954821447,
      "sl_hits": 0,
      "avg_win": 0,
      "avg_los": -1.0664759954821448
    },
    "2": {
      "n": 9,
      "hit_rate": 22.22222222222222,
      "avg_pct": -0.05182925714900107,
      "total_eur": -4.6646331434100965,
      "max_dd": 20.96854717923082,
      "sl_hits": 0,
      "avg_win": 0.8151957017910365,
      "avg_los": -0.29955067398901175
    },
    "3": {
      "n": 9,
      "hit_rate": 22.22222222222222,
      "avg_pct": 0.09237911530746629,
      "total_eur": 8.314120377671966,
      "max_dd": 20.968547179230825,
      "sl_hits": 0,
      "avg_win": 1.4641333778451395,
      "avg_los": -0.29955067398901175
    },
    "5": {
      "n": 9,
      "hit_rate": 88.88888888888889,
      "avg_pct": 14.415803366484248,
      "total_eur": 1297.4223029835823,
      "max_dd": 50.0,
      "sl_hits": 1,
      "avg_win": 16.84277878729478,
      "avg_los": -5.0
    },
    "7": {
      "n": 9,
      "hit_rate": 88.88888888888889,
      "avg_pct": 14.925476587964551,
      "total_eur": 1343.2928929168097,
      "max_dd": 50.0,
      "sl_hits": 1,
      "avg_win": 17.41616116146012,
      "avg_los": -5.0
    },
    "10": {
      "n": 9,
      "hit_rate": 88.88888888888889,
      "avg_pct": 15.727179745557716,
      "total_eur": 1415.4461771001945,
      "max_dd": 50.0,
      "sl_hits": 1,
      "avg_win": 18.31807721375243,
      "avg_los": -5.0
    },
    "15": {
      "n": 9,
      "hit_rate": 88.88888888888889,
      "avg_pct": 15.712322214245837,
      "total_eur": 1414.1089992821253,
      "max_dd": 50.0,
      "sl_hits": 1,
      "avg_win": 18.301362491026566,
      "avg_los": -5.0
    },
    "20": {
      "n": 9,
      "hit_rate": 88.88888888888889,
      "avg_pct": 13.46838538923814,
      "total_eur": 1212.1546850314323,
      "max_dd": 50.0,
      "sl_hits": 1,
      "avg_win": 15.776933562892907,
      "avg_los": -5.0
    },
    "30": {
      "n": 9,
      "hit_rate": 88.88888888888889,
      "avg_pct": 13.374245079673862,
      "total_eur": 1203.6820571706476,
      "max_dd": 50.0,
      "sl_hits": 1,
      "avg_win": 15.671025714633094,
      "avg_los": -5.0
    },
    "60": {
      "n": 9,
      "hit_rate": 88.88888888888889,
      "avg_pct": 15.412349965396487,
      "total_eur": 1387.1114968856837,
      "max_dd": 50.0,
      "sl_hits": 1,
      "avg_win": 17.963893711071048,
      "avg_los": -5.0
    },
    "120": {
      "n": 9,
      "hit_rate": 77.77777777777779,
      "avg_pct": 14.997168386039176,
      "total_eur": 1349.7451547435257,
      "max_dd": 50.0,
      "sl_hits": 1,
      "avg_win": 20.301641530198584,
      "avg_los": -3.568487618518742
    },
    "EOD": {
      "n": 26,
      "hit_rate": 57.692307692307686,
      "avg_pct": 6.703060821512663,
      "total_eur": 1742.7958135932922,
      "max_dd": 250.0,
      "sl_hits": 10,
      "avg_win": 14.956116908885043,
      "avg_los": -4.551106570358766
    }
  },
  "trades_analyzed": 26
}