{
  "run": "2026-05-03T08:42:37.415349",
  "config": {
    "filter_min": 20.0,
    "filter_max": 50.0,
    "stop_loss_pct": -5.0,
    "position_eur": 2000,
    "spread_pct": 0.003
  },
  "hold_periods": {
    "1": {
      "n": 8,
      "hit_rate": 37.5,
      "avg_pct": -0.11370522334850104,
      "total_eur": -18.19283573576017,
      "max_dd": 74.80498543619717,
      "sl_hits": 0,
      "avg_win": 1.3988780514976726,
      "avg_los": -1.0212551882562053
    },
    "2": {
      "n": 13,
      "hit_rate": 38.46153846153847,
      "avg_pct": 0.6807594212459945,
      "total_eur": 176.99744952395855,
      "max_dd": 109.29976745408183,
      "sl_hits": 0,
      "avg_win": 3.121190432448515,
      "avg_los": -0.8445099607555808
    },
    "3": {
      "n": 13,
      "hit_rate": 38.46153846153847,
      "avg_pct": 0.39776621903888787,
      "total_eur": 103.41921695011084,
      "max_dd": 90.73711800719963,
      "sl_hits": 0,
      "avg_win": 2.3652973419492787,
      "avg_los": -0.8319407327801063
    },
    "5": {
      "n": 13,
      "hit_rate": 53.84615384615385,
      "avg_pct": 4.854386930176068,
      "total_eur": 1262.1406018457774,
      "max_dd": 201.29034425335658,
      "sl_hits": 1,
      "avg_win": 10.571283478012665,
      "avg_los": -1.8153257089666324
    },
    "7": {
      "n": 13,
      "hit_rate": 61.53846153846154,
      "avg_pct": 5.5185354083510525,
      "total_eur": 1434.8192061712734,
      "max_dd": 213.05991670389164,
      "sl_hits": 1,
      "avg_win": 10.439767160969032,
      "avg_los": -2.3554353958377137
    },
    "10": {
      "n": 13,
      "hit_rate": 69.23076923076923,
      "avg_pct": 6.301663038167944,
      "total_eur": 1638.4323899236654,
      "max_dd": 252.84170783298748,
      "sl_hits": 1,
      "avg_win": 10.53199478973866,
      "avg_los": -3.216583402866167
    },
    "15": {
      "n": 13,
      "hit_rate": 69.23076923076923,
      "avg_pct": 6.506206476451562,
      "total_eur": 1691.6136838774062,
      "max_dd": 247.74057663504755,
      "sl_hits": 2,
      "avg_win": 10.790739865696029,
      "avg_los": -3.1339936493484872
    },
    "20": {
      "n": 13,
      "hit_rate": 61.53846153846154,
      "avg_pct": 4.86621661653125,
      "total_eur": 1265.2163202981249,
      "max_dd": 252.41403519720427,
      "sl_hits": 2,
      "avg_win": 9.680152064552686,
      "avg_los": -2.8360801003030494
    },
    "30": {
      "n": 13,
      "hit_rate": 53.84615384615385,
      "avg_pct": 4.431876736552254,
      "total_eur": 1152.2879515035859,
      "max_dd": 250.40147161916866,
      "sl_hits": 3,
      "avg_win": 11.085917557490193,
      "avg_los": -3.331170887875342
    },
    "60": {
      "n": 13,
      "hit_rate": 61.53846153846154,
      "avg_pct": 5.587336051314091,
      "total_eur": 1452.7073733416635,
      "max_dd": 208.7950886170745,
      "sl_hits": 3,
      "avg_win": 11.51131601200373,
      "avg_los": -3.891031885789334
    },
    "120": {
      "n": 13,
      "hit_rate": 61.53846153846154,
      "avg_pct": 5.059335732065263,
      "total_eur": 1315.4272903369683,
      "max_dd": 186.98561532700944,
      "sl_hits": 4,
      "avg_win": 10.988542469235737,
      "avg_los": -4.427395047407496
    },
    "EOD": {
      "n": 102,
      "hit_rate": 37.254901960784316,
      "avg_pct": 1.3924853458387636,
      "total_eur": 2840.6701055110775,
      "max_dd": 1892.1982677509086,
      "sl_hits": 53,
      "avg_win": 11.243109090166538,
      "avg_los": -4.456322502355853
    }
  },
  "trades_analyzed": 102
}